date;Finland;Angola;New Zealand
2020-01-22;0.0;0.0;0.0
2020-01-23;0.0;0.0;0.0
2020-01-24;0.0;0.0;0.0
2020-01-25;0.0;0.0;0.0
2020-01-26;0.0;0.0;0.0
2020-01-27;0.0;0.0;0.0
2020-01-28;0.0;0.0;0.0
2020-01-29;1.8122343943965712e-05;0.0;0.0
2020-01-30;1.8122343943965712e-05;0.0;0.0
2020-01-31;1.8122343943965712e-05;0.0;0.0
2020-02-01;1.8122343943965712e-05;0.0;0.0
2020-02-02;1.8122343943965712e-05;0.0;0.0
2020-02-03;1.8122343943965712e-05;0.0;0.0
2020-02-04;1.8122343943965712e-05;0.0;0.0
2020-02-05;1.8122343943965712e-05;0.0;0.0
2020-02-06;1.8122343943965712e-05;0.0;0.0
2020-02-07;1.8122343943965712e-05;0.0;0.0
2020-02-08;1.8122343943965712e-05;0.0;0.0
2020-02-09;1.8122343943965712e-05;0.0;0.0
2020-02-10;1.8122343943965712e-05;0.0;0.0
2020-02-11;3.6244687887931425e-05;0.0;0.0
2020-02-12;3.6244687887931425e-05;0.0;0.0
2020-02-13;3.6244687887931425e-05;0.0;0.0
2020-02-14;3.6244687887931425e-05;0.0;0.0
2020-02-15;3.6244687887931425e-05;0.0;0.0
2020-02-16;3.6244687887931425e-05;0.0;0.0
2020-02-17;3.6244687887931425e-05;0.0;0.0
2020-02-18;3.6244687887931425e-05;0.0;0.0
2020-02-19;3.6244687887931425e-05;0.0;0.0
2020-02-20;3.6244687887931425e-05;0.0;0.0
2020-02-21;3.6244687887931425e-05;0.0;0.0
2020-02-22;3.6244687887931425e-05;0.0;0.0
2020-02-23;5.436703183189714e-05;0.0;0.0
2020-02-24;5.436703183189714e-05;0.0;0.0
2020-02-25;5.436703183189714e-05;0.0;0.0
2020-02-26;7.248937577586285e-05;0.0;0.0
2020-02-27;7.248937577586285e-05;0.0;0.0
2020-02-28;9.061171971982857e-05;0.0;2.0468734008801556e-05
2020-02-29;0.0001449787515517257;0.0;2.0468734008801556e-05
2020-03-01;0.0001631010954956914;0.0;2.0468734008801556e-05
2020-03-02;0.00018122343943965713;0.0;2.0468734008801556e-05
2020-03-03;0.00018122343943965713;0.0;2.0468734008801556e-05
2020-03-04;0.00025371281521551994;0.0;6.140620202640467e-05
2020-03-05;0.00036244687887931426;0.0;6.140620202640467e-05
2020-03-06;0.00038056922282328;0.0;8.187493603520622e-05
2020-03-07;0.0005074256304310399;0.0;0.00010234367004400778
2020-03-08;0.0006342820380387999;0.0;0.00010234367004400778
2020-03-09;0.0007973831335344914;0.0;0.00010234367004400778
2020-03-10;0.0011054629805819084;0.0;0.00010234367004400778
2020-03-11;0.002084069553556057;0.0;0.00010234367004400778
2020-03-12;0.0034613676932974515;0.0;0.00010234367004400778
2020-03-13;0.0045487083299353935;0.0;0.00010234367004400778
2020-03-14;0.005056133960366434;0.0;0.00012281240405280933
2020-03-15;0.005581681934741439;0.0;0.00016374987207041245
2020-03-16;0.006542166163771622;0.0;0.00016374987207041245
2020-03-17;0.007484528048857839;0.0;0.00024562480810561867
2020-03-18;0.008336278214224228;0.0;0.0004093746801760311
2020-03-19;0.009967289169181142;0.0;0.0005731245522464436
2020-03-20;0.011761401219633748;3.245724520689254e-06;0.0007982806263432607
2020-03-21;0.013338045142758765;6.491449041378508e-06;0.0010643741684576808
2020-03-22;0.014914689065883781;6.491449041378508e-06;0.0020878108688977587
2020-03-23;0.016328231893513106;9.737173562067764e-06;0.0020878108688977587
2020-03-24;0.017850508784806228;9.737173562067764e-06;0.0031726537713642412
2020-03-25;0.019644620835258832;9.737173562067764e-06;0.004196090471804319
2020-03-26;0.021529344605431266;1.2982898082757016e-05;0.005792651724490841
2020-03-27;0.02357716947109939;1.2982898082757016e-05;0.007532494115238974
2020-03-28;0.025298792145776138;1.622862260344627e-05;0.0092313990379695
2020-03-29;0.026694212629461495;2.272007164482478e-05;0.010520929280523998
2020-03-30;0.027962776705539094;2.272007164482478e-05;0.012056084331184116
2020-03-31;0.030300559074310673;2.272007164482478e-05;0.013243270903694605
2020-04-01;0.03256585206730638;2.5965796165514033e-05;0.014491863678231501
2020-04-02;0.03526608131495728;2.5965796165514033e-05;0.01631358100501484
2020-04-03;0.038183778689935756;2.5965796165514033e-05;0.01776686111963975
2020-04-04;0.04179012513478493;3.245724520689254e-05;0.01944529730836148
2020-04-05;0.04325803499424616;4.544014328964956e-05;0.021267014635144816
2020-04-06;0.04546896095540997;5.1931592331028066e-05;0.02263841981373452
2020-04-07;0.04925653083969881;5.5177316851717326e-05;0.023743731450209804
2020-04-08;0.052880999628491944;6.166876589309583e-05;0.024767168150649884
2020-04-09;0.055381883092759224;6.166876589309583e-05;0.02536076143690513
2020-04-10;0.058245213435905795;6.166876589309583e-05;0.026261385733292397
2020-04-11;0.05953189985592736;6.166876589309583e-05;0.026854979019547642
2020-04-12;0.0608910756517248;6.166876589309583e-05;0.027223416231706068
2020-04-13;0.06234086316724205;6.166876589309583e-05;0.027612322177873298
2020-04-14;0.06446117740868604;6.166876589309583e-05;0.027960290656022922
2020-04-15;0.06763258759888004;6.166876589309583e-05;0.028369665336198956
2020-04-16;0.06998849231159558;6.166876589309583e-05;0.028676696346330976
2020-04-17;0.07216317358487147;6.166876589309583e-05;0.02884044621840139
2020-04-18;0.07442846657786718;7.789738849654211e-05;0.029106539760515814
2020-04-19;0.07544331783872926;7.789738849654211e-05;0.02929075836659503
2020-04-20;0.07665751488297497;7.789738849654211e-05;0.02947497697267424
2020-04-21;0.07924901006696206;7.789738849654211e-05;0.029577320642718247
2020-04-22;0.08127871258868621;8.114311301723135e-05;0.029700133046771056
2020-04-23;0.08352588323773796;8.114311301723135e-05;0.029802476716815067
2020-04-24;0.08562807513523799;8.114311301723135e-05;0.029904820386859075
2020-04-25;0.08729533077808284;8.114311301723135e-05;0.03008903899293829
2020-04-26;0.08867262891782424;8.438883753792061e-05;0.03006857025892949
2020-04-27;0.08999556002573372;8.763456205860985e-05;0.030129976460955894
2020-04-28;0.0922246083308415;8.763456205860985e-05;0.03017091392897349
2020-04-29;0.09474361413905275;8.763456205860985e-05;0.030211851396991094
2020-04-30;0.09670082728500104;8.763456205860985e-05;0.0302732575990175
2020-05-01;0.0982593488641821;9.737173562067764e-05;0.03039607000307031
2020-05-02;0.09912922137349245;0.0001136003582241239;0.030437007471087914
2020-05-03;0.10018031732224246;0.0001136003582241239;0.030437007471087914
2020-05-04;0.10128578030282438;0.0001136003582241239;0.03041653873707911
2020-05-05;0.10369605204737181;0.00011684608274481314;0.030457476205096715
2020-05-06;0.10596134504036751;0.00011684608274481314;0.030477944939105515
2020-05-07;0.10768296771504425;0.00011684608274481314;0.030498413673114316
2020-05-08;0.10964018086099256;0.00013956615438963794;0.03053935114113192
2020-05-09;0.11110809072045379;0.00013956615438963794;0.030580288609149523
2020-05-10;0.11195984088582017;0.00014605760343101645;0.03064169481117593
2020-05-11;0.1124672665162512;0.00014605760343101645;0.03064169481117593
2020-05-12;0.11413452215909606;0.00014605760343101645;0.03064169481117593
2020-05-13;0.11534871920334175;0.00014605760343101645;0.03064169481117593
2020-05-14;0.11676226203097108;0.00015579477699308422;0.03066216354518473
2020-05-15;0.11766837922816938;0.00015579477699308422;0.03066216354518473
2020-05-16;0.11866510814508749;0.00015579477699308422;0.030682632279193534
2020-05-17;0.11911816674368664;0.00015579477699308422;0.030682632279193534
2020-05-18;0.11964371471806162;0.0001622862260344627;0.030682632279193534
2020-05-19;0.12045922019554009;0.00016877767507584123;0.03076450721522874
2020-05-20;0.1212022362972427;0.00016877767507584123;0.03076450721522874
2020-05-21;0.12198149708683322;0.00018825202219997675;0.030784975949237542
2020-05-22;0.12238018865360047;0.00019474347124135528;0.030784975949237542
2020-05-23;0.12296010365980736;0.00019798919576204452;0.030784975949237542
2020-05-24;0.12328630585079874;0.00022395499192755854;0.030784975949237542
2020-05-25;0.12364875272967805;0.0002272007164482478;0.030784975949237542
2020-05-26;0.12446425820715652;0.0002272007164482478;0.030784975949237542
2020-05-27;0.12506229555730738;0.00023044644096893705;0.030784975949237542
2020-05-28;0.12527976368463498;0.00024018361453100482;0.030784975949237542
2020-05-29;0.12582343400295395;0.0002629036861758296;0.030784975949237542
2020-05-30;0.12620400322577724;0.00027264085973789735;0.030784975949237542
2020-05-31;0.1263852266652169;0.0002791323087792759;0.030784975949237542
2020-06-01;0.12660269479254446;0.0002791323087792759;0.030784975949237542
2020-06-02;0.12691077463959188;0.0002791323087792759;0.030784975949237542
2020-06-03;0.12718260979875137;0.0002791323087792759;0.030784975949237542
2020-06-04;0.12763566839735052;0.0002791323087792759;0.030784975949237542
2020-06-05;0.1278531365246781;0.0002791323087792759;0.030784975949237542
2020-06-06;0.12808872699594964;0.0002856237578206544;0.030784975949237542
2020-06-07;0.1283243174672212;0.00029536093138272213;0.030784975949237542
2020-06-08;0.1283968068429971;0.00029860665590341137;0.030784975949237542
2020-06-09;0.12857803028243675;0.00031158955398616844;0.030784975949237542
2020-06-10;0.12872300903398845;0.0003667668708378857;0.030784975949237542
2020-06-11;0.1288498654415962;0.00038299549344133197;0.030784975949237542
2020-06-12;0.1290129665370919;0.0004219441876896031;0.030784975949237542
2020-06-13;0.12924855700836346;0.0004479099838551171;0.030784975949237542
2020-06-14;0.1292848016962514;0.0004544014328964956;0.030784975949237542
2020-06-15;0.12937541341597122;0.0004608928819378741;0.030825913417255144
2020-06-16;0.12966537091907468;0.00048036722906200964;0.030825913417255144
2020-06-17;0.12981034967062638;0.0005030873007068344;0.030846382151263948
2020-06-18;0.12988283904640227;0.0005387902704344162;0.030846382151263948
2020-06-19;0.130027817797954;0.0005582646175585518;0.030887319619281546
2020-06-20;0.130027817797954;0.0005712475156413088;0.030928257087299148
2020-06-21;0.13006406248584193;0.0005939675872861336;0.030969194555316753
2020-06-22;0.1302996529571135;0.0006037047608482013;0.031010132023334355
2020-06-23;0.1303902646768333;0.000613441934410269;0.031030600757343155
2020-06-24;0.13048087639655312;0.0006394077305757831;0.03109200695936956
2020-06-25;0.13078895624360057;0.000688093598386122;0.031112475693378362
2020-06-26;0.13104266905881606;0.000688093598386122;0.031153413161395967
2020-06-27;0.13109703609064796;0.0008406426508585169;0.031235288097431174
2020-06-28;0.1311332807785359;0.000866608447024031;0.031276225565448776
2020-06-29;0.13126013718614365;0.0008958199677102342;0.031276225565448776
2020-06-30;0.1315500946892471;0.0009217857638757482;0.031276225565448776
2020-07-01;0.13173131812868674;0.000944505835520573;0.03131716303346638
2020-07-02;0.1317675628165747;0.001022403224017115;0.03131716303346638
2020-07-03;0.13189441922418246;0.0010645976427860753;0.03131716303346638
2020-07-04;0.13200315328784623;0.001123020684158482;0.03137856923549279
2020-07-05;0.1320393979757342;0.001123020684158482;0.03139903796950159
2020-07-06;0.13209376500756606;0.001123020684158482;0.03143997543751919
2020-07-07;0.13223874375911782;0.001252849664986052;0.03146044417152799
2020-07-08;0.1322931107909497;0.001252849664986052;0.0315218503735544
2020-07-09;0.13245621188644538;0.0012853069101929446;0.031562787841572
2020-07-10;0.13260119063799714;0.0014865418304756785;0.0315832565755808
2020-07-11;0.13270992470166093;0.0014995247285584355;0.0316037253095896
2020-07-12;0.13270992470166093;0.0016423366074687627;0.0316037253095896
2020-07-13;0.13278241407743677;0.0017040053733618583;0.031624194043598404
2020-07-14;0.1328911481411006;0.0017559369656928866;0.031665131511616006
2020-07-15;0.13298175986082042;0.0018695373239170103;0.031685600245624806
2020-07-16;0.13307237158054022;0.0019701547840583773;0.03170606897963361
2020-07-17;0.13323547267603592;0.0020707722441997444;0.03172653771364241
2020-07-18;0.1333442067396997;0.0022298127457135177;0.03178794391566882
2020-07-19;0.13347106314730747;0.0022882357870859242;0.03180841264967762
2020-07-20;0.1335616748670273;0.002431047665996251;0.03182888138368642
2020-07-21;0.1337791429943549;0.002528419401616929;0.03182888138368642
2020-07-22;0.13392412174590662;0.0026355283107996745;0.03182888138368642
2020-07-23;0.13412346752929022;0.002762111567106555;0.03184935011769522
2020-07-24;0.13417783456112214;0.0028562375782065436;0.03184935011769522
2020-07-25;0.1343590580005618;0.002973083660951357;0.03184935011769522
2020-07-26;0.13443154737633767;0.003025015253282385;0.03184935011769522
2020-07-27;0.13457652612788937;0.0030834382946547914;0.03186981885170402
2020-07-28;0.13479399425521696;0.003245724520689254;0.03191075631972162
2020-07-29;0.13495709535071265;0.0034988910333030162;0.03193122505373042
2020-07-30;0.13517456347804024;0.0035995084934443825;0.03193122505373042
2020-07-31;0.13531954222959197;0.0037260917497512636;0.03197216252174803
2020-08-01;0.13564574442058336;0.003778023342082292;0.032033568723774435
2020-08-02;0.13591757957974285;0.003891623700306416;0.032074506191792036
2020-08-03;0.1360988030191825;0.004154527386482245;0.032074506191792036
2020-08-04;0.13673308505722132;0.004362253755806358;0.032115443659809645
2020-08-05;0.13713177662398854;0.00452778570636151;0.032115443659809645
2020-08-06;0.13765732459836355;0.004813409464182164;0.032115443659809645
2020-08-07;0.1380560161651308;0.004991924312820074;0.032115443659809645
2020-08-08;0.13836409601217822;0.005102278946523507;0.032115443659809645
2020-08-09;0.1385271971076739;0.005426851398592433;0.032115443659809645
2020-08-10;0.1391614791457127;0.005449571470237258;0.032135912393818446
2020-08-11;0.13943331430487219;0.0056313320433958565;0.032135912393818446
2020-08-12;0.13994073993530323;0.005718966605454466;0.03252481833998567
2020-08-13;0.1404300432217903;0.0058909900050509965;0.03279091188210009
2020-08-14;0.14081061244461357;0.006011081812316499;0.032934193020161706
2020-08-15;0.14129991573110065;0.006098716374375109;0.033200286562276124
2020-08-16;0.14155362854631617;0.006186350936433718;0.03338450516835534
2020-08-17;0.1423328893359067;0.006280476947533708;0.033630129976460955
2020-08-18;0.14282219262239376;0.006381094407675074;0.03375294238051377
2020-08-19;0.14352896403620846;0.006540134909188847;0.03385528605055778
2020-08-20;0.14438071420157483;0.006634260920288835;0.03408044212465459
2020-08-21;0.14487001748806191;0.0067121583087853785;0.0342032545287074
2020-08-22;0.14532307608666103;0.0069263761271508685;0.0342646607307338
2020-08-23;0.1456130335897645;0.0070464679344163705;0.03444887933681302
2020-08-24;0.14581237937314814;0.0072119998849715225;0.03459216047487463
2020-08-25;0.14612045922019554;0.007409989080733568;0.034694504144918634
2020-08-26;0.14639229437935503;0.007569029582247341;0.034837785282980246
2020-08-27;0.14675474125823434;0.007838424717464548;0.03508341009108587
2020-08-28;0.14733465626444123;0.008020185290623146;0.03534950363320028
2020-08-29;0.14796893830248004;0.008279843252278287;0.03539044110121789
2020-08-30;0.1483132628374154;0.008516781142288602;0.035574659707297104
2020-08-31;0.14863946502840678;0.00861415287790928;0.03586122198342033
2020-09-01;0.1495093375377171;0.008857582216960974;0.035963565653464334
2020-09-02;0.15003488551209215;0.00901337699395406;0.036004503121481936
2020-09-03;0.15050606645463524;0.009104257280533358;0.03610684679152594
2020-09-04;0.15115847083661801;0.009334703721502295;0.03616825299355235
2020-09-05;0.15191960928226456;0.009526201468222962;0.036270596663596354
2020-09-06;0.1523183008490318;0.00962357320384364;0.036352471599631564
2020-09-07;0.15291633819918268;0.009675504796174666;0.03647528400368437
2020-09-08;0.15373184367666112;0.009844282471250508;0.03659809640773718
2020-09-09;0.15476481728146718;0.010035780217971173;0.03667997134377239
2020-09-10;0.15576154619838528;0.010441495783057331;0.03670044007778119
2020-09-11;0.15674015277135944;0.010642730703340065;0.036741377545798794
2020-09-12;0.15779124872010947;0.010824491276498663;0.036782315013816395
2020-09-13;0.15851614247786808;0.010996514676095194;0.036802783747825196
2020-09-14;0.15933164795534654;0.011162046626650345;0.0368641899498516
2020-09-15;0.16040086624804054;0.011583990814339949;0.0368846586838604
2020-09-16;0.1613613504770707;0.01192803761353301;0.03702793982192201
2020-09-17;0.16241244642582073;0.012298050208891584;0.03702793982192201
2020-09-18;0.1639528456610578;0.012489547955612251;0.037068877289939614
2020-09-19;0.16534826614474316;0.01266157135520878;0.037150752225974824
2020-09-20;0.16650809615715698;0.012953686562070814;0.037150752225974824
2020-09-21;0.16784914960901043;0.01336264785167766;0.037150752225974824
2020-09-22;0.17002383088228631;0.01374888906963968;0.03733497083205404
2020-09-23;0.17201728871612254;0.014161096083767217;0.03739637703408044
2020-09-24;0.1741557253015105;0.014524617230084413;0.03743731450209805
2020-09-25;0.17593171500801913;0.014897875549963678;0.03747825197011565
2020-09-26;0.17825137503284674;0.015164024960660197;0.03751918943813325
2020-09-27;0.1795924284847002;0.015313328288611903;0.03751918943813325
2020-09-28;0.18087911490472178;0.015569740525746351;0.037560126906150855
2020-09-29;0.18312628555377353;0.015920278773980792;0.037580595640159656
2020-09-30;0.1855546796422649;0.01613774231686697;0.03782622044826527
2020-10-01;0.18859923342485116;0.016598635198804845;0.03782622044826527
2020-10-02;0.1920606011181486;0.016913470477311704;0.037846689182274074
2020-10-03;0.1954494794356702;0.017429540676101297;0.037949032852318085
2020-10-04;0.19867525665769611;0.017533403860763352;0.037969501586326886
2020-10-05;0.20135736356140305;0.017948856599411575;0.03803090778835329
2020-10-06;0.20663096564909705;0.018581772880945983;0.0380923139903797
2020-10-07;0.21208579117623075;0.018581772880945983;0.0381537201924061
2020-10-08;0.21763122842308424;0.019338026694266576;0.0381946576604237
2020-10-09;0.22232491550457137;0.01957496458427689;0.03827653259645891
2020-10-10;0.22642056523590762;0.02027279535622508;0.03829700133046771
2020-10-11;0.2284321454136878;0.02066228229870779;0.03829700133046771
2020-10-12;0.2308242948142913;0.021058260690231884;0.038317470064476514
2020-10-13;0.2354636148639465;0.02168143979820422;0.038358407532494115
2020-10-14;0.23906996130879568;0.022220230068638634;0.03839934500051172
2020-10-15;0.24273067478547675;0.02303166119881095;0.03848121993654692
2020-10-16;0.24619204247877421;0.023440622488417794;0.03854262613857333
2020-10-17;0.24972589954784752;0.024219596373383216;0.03860403234059973
2020-10-18;0.25161062331802;0.024738912296693494;0.03860403234059973
2020-10-19;0.2539484056867915;0.025410777272476173;0.03862450107460853
2020-10-20;0.2583521352651752;0.026124836667027806;0.039136219424828575
2020-10-21;0.2613785667038175;0.027062851053507003;0.03917715689284618
2020-10-22;0.264785567365283;0.027854807836555178;0.03936137549892539
2020-10-23;0.26882685006478735;0.028656501793165427;0.03958653157302221
2020-10-24;0.27234258478991674;0.029295909523741212;0.03960700030703101
2020-10-25;0.274281675591921;0.03044814172858589;0.03970934397707502
2020-10-26;0.2765288462409728;0.03130176727752717;0.03972981271108382
2020-10-27;0.2811500439466841;0.032038546743723625;0.03977075017910142
2020-10-28;0.28539067242957206;0.03269742882142355;0.03989356258315423
2020-10-29;0.28974003497612383;0.03333034510295795;0.039914031317163035
2020-10-30;0.29401690814689974;0.03426835948943715;0.04005731245522464
2020-10-31;0.2980038238145722;0.0350700534460474;0.04009824992324225
2020-11-01;0.30019662743179204;0.035816570085805924;0.04018012485927745
2020-11-02;0.30293310136733087;0.03644299491829894;0.040282468529321463
2020-11-03;0.308134214079249;0.037575752776019496;0.040343874731347866
2020-11-04;0.3125016989697447;0.03834174376290216;0.04038481219936547
2020-11-05;0.31637988057375344;0.03927975814938136;0.040405280933374275
2020-11-06;0.3203305515535379;0.039672490816384756;0.04044621840139188
2020-11-07;0.3238825309665552;0.04003601196270195;0.04056903080544468
2020-11-08;0.3262021909913828;0.0403540929657295;0.040650905741479886
2020-11-09;0.3285943403919863;0.04115578692233974;0.040671374475488686
2020-11-10;0.33354174028868894;0.04159720545715348;0.040691843209497494
2020-11-11;0.33727494314114587;0.042041869716487906;0.0407532494115239
2020-11-12;0.3426210346046158;0.04236644216855684;0.0408351243475591
2020-11-13;0.34776778028470207;0.04293444395967746;0.04089653054958551
2020-11-14;0.35262456846168483;0.04340831973969809;0.04095793675161191
2020-11-15;0.35525230833355986;0.04365824052779116;0.04095793675161191
2020-11-16;0.3585143302434737;0.044190539349184196;0.04103981168764712
2020-11-17;0.3656364114134522;0.04484942142688411;0.041101217889673525
2020-11-18;0.37266788086371094;0.045186976777035794;0.041142155357691126
2020-11-19;0.379500004530586;0.04587507037542192;0.041203561559717536
2020-11-20;0.3881624849358016;0.04630675173667359;0.04132637396377034
2020-11-21;0.39591884814381895;0.04678062751669422;0.041510592569849555
2020-11-22;0.40081188100868964;0.04704028547834936;0.04155153003786716
2020-11-23;0.4056505468417285;0.04749793263576655;0.04157199877187596
2020-11-24;0.41478420818948725;0.04784847088400099;0.04173574864394637
2020-11-25;0.42331983218709507;0.048104883121135436;0.04175621737795517
2020-11-26;0.43453756308840985;0.04842620984868368;0.041899498516016785
2020-11-27;0.4437799584998323;0.04871183360650433;0.04196090471804319
2020-11-28;0.45204374733828073;0.04896824584363878;0.04196090471804319
2020-11-29;0.45719049301836695;0.049020177435969814;0.04208371712209599
2020-11-30;0.46250033979394894;0.04913702351871462;0.0421451233241224
2020-12-01;0.4733012567845525;0.049500544665031815;0.0421655920581312
2020-12-02;0.48127508811989744;0.04972125393243868;0.04234981066421042
2020-12-03;0.4902456483721605;0.04985757436230763;0.04234981066421042
2020-12-04;0.49890812877737606;0.050286009999038615;0.04253402927028963
2020-12-05;0.5074799974628719;0.050425576153428256;0.04253402927028963
2020-12-06;0.5120105834488633;0.050604091002066164;0.04255449800429843
2020-12-07;0.5171392067850056;0.05078909729974545;0.042677310408351245
2020-12-08;0.5277770226801135;0.05105200098592128;0.04273871661037765
2020-12-09;0.5364395030853291;0.051295430324972975;0.04273871661037765
2020-12-10;0.5448120259874412;0.05168816299197638;0.04282059154641285
2020-12-11;0.5521878199726352;0.05212958152679011;0.04282059154641285
2020-12-12;0.5602885077155879;0.05245415397885903;0.04290246648244806
2020-12-13;0.5648009713576354;0.05254178854091764;0.04290246648244806
2020-12-14;0.5698027382861699;0.052830658023258995;0.04290246648244806
2020-12-15;0.578193383532226;0.053106544607517576;0.042984341418483264
2020-12-16;0.5847174273520537;0.053252602210948595;0.042984341418483264
2020-12-17;0.5910964924203297;0.053502522999041666;0.04318902875857128
2020-12-18;0.5969862542021185;0.05375568951165542;0.04318902875857128
2020-12-19;0.604126457716041;0.05396341588097954;0.04331184116262409
2020-12-20;0.6075878254093384;0.05402183892235195;0.0434141848326681
2020-12-21;0.6120096773316661;0.0541581593522209;0.0434141848326681
2020-12-22;0.6188055563106533;0.054534663396620844;0.04355746597072971
2020-12-23;0.6248221745000498;0.054953361859789766;0.04355746597072971
2020-12-24;0.6298420637725283;0.055271442862817315;0.04355746597072971
2020-12-25;0.6323429472367956;0.05549864357926556;0.04355746597072971
2020-12-26;0.6351881552359983;0.055660929805300026;0.043884965714870536
2020-12-27;0.6385045441777439;0.05595629073668274;0.043884965714870536
2020-12-28;0.6419659118710415;0.05613805130984135;0.04402824685293215
2020-12-29;0.6498491314866666;0.056381480648893034;0.04402824685293215
2020-12-30;0.655430813421408;0.056582715569175775;0.044253402927028965
2020-12-31;0.6600520111271191;0.056972202511658486;0.044253402927028965
2021-01-01;0.6646550864888865;0.057020888379468816;0.044253402927028965
2021-01-02;0.6669747465137141;0.05715071736029639;0.044642308873196195
2021-01-03;0.6706898270222271;0.057261071993999824;0.044642308873196195
2021-01-04;0.6737525031487572;0.05739739242386877;0.0447446525432402
2021-01-05;0.6809470736945117;0.0576310845893584;0.0447446525432402
2021-01-06;0.6856951278078307;0.05798162283759283;0.04478559001125781
2021-01-07;0.6894645753481756;0.058338652534868654;0.04478559001125781
2021-01-08;0.6954811935375721;0.05863725919077207;0.04478559001125781
2021-01-09;0.7000480242114515;0.0589293743976341;0.045420120765530654
2021-01-10;0.7035456365926369;0.059049466204899606;0.04548152696755706
2021-01-11;0.7069526372541024;0.05924745540066165;0.04548152696755706
2021-01-12;0.7139478620164732;0.05953632488300299;0.04560433937160987
2021-01-13;0.7180978787796414;0.05980247429369951;0.04560433937160987
2021-01-14;0.7227734435171845;0.06041267050358909;0.04597277658376829
2021-01-15;0.7272677848152881;0.06062688832195458;0.04597277658376829
2021-01-16;0.7320883283043829;0.06090602063073385;0.04617746392385631
2021-01-17;0.7351872491188011;0.061263050328009674;0.04630027632790912
2021-01-18;0.7387754732197063;0.06142858227856482;0.04630027632790912
2021-01-19;0.7468761609626589;0.061704468862823415;0.04640261999795313
2021-01-20;0.7530740025914952;0.06197061827351993;0.04640261999795313
2021-01-21;0.7604316742327453;0.06224325913325783;0.046586838604032337
2021-01-22;0.7672637978996203;0.06254186578916124;0.046586838604032337
2021-01-23;0.773805964063392;0.06285994679218879;0.04673011974209395
2021-01-24;0.7768505178459781;0.06296380997685085;0.04683246341213796
2021-01-25;0.7813267368001378;0.06321373076494392;0.04687340088015556
2021-01-26;0.792290754886237;0.06346365155303699;0.04697574455019957
2021-01-27;0.7994853254319914;0.0635512861150956;0.04705761948623478
2021-01-28;0.8064080608185862;0.06384989277099902;0.04718043189028759
2021-01-29;0.8142912804342114;0.06401542472155416;0.04713949442226999
2021-01-30;0.8211596487889744;0.06420692246827484;0.04715996315627879
2021-01-31;0.8254002772718624;0.06425236261156447;0.04715996315627879
2021-02-01;0.8303657995125089;0.06435947152074722;0.04722136935830519
2021-02-02;0.8400250088346427;0.06458991796171615;0.04724183809231399
2021-02-03;0.8472014570364531;0.06471000976898166;0.047344181762357995
2021-02-04;0.855193410715742;0.06490150751570233;0.0473851192303756
2021-02-05;0.8619349226628973;0.06501186214940576;0.0473851192303756
2021-02-06;0.8685677005463888;0.06511572533406781;0.04748746290041961
2021-02-07;0.8728626960611086;0.06519362272256436;0.04748746290041961
2021-02-08;0.8776469948623155;0.06527801156010228;0.04752840036843721
2021-02-09;0.8860013954204836;0.06544354351065744;0.04756933783645481
2021-02-10;0.8927610297115829;0.06559609256312983;0.04756933783645481
2021-02-11;0.8997018874421219;0.06576162451368497;0.04761027530447242
2021-02-12;0.9062440536058933;0.06586873342286773;0.04765121277249002
2021-02-13;0.9138010710305271;0.06598233378109185;0.04769215024050762
2021-02-14;0.9188572049908935;0.06610242558835736;0.047814962644560435
2021-02-15;0.9239495836391479;0.06615111145616769;0.047835431378569236
2021-02-16;0.9351310698525748;0.06617707725233321;0.04789683758059564
2021-02-17;0.944427832295829;0.06621278022206079;0.04797871251663085
2021-02-18;0.9544494884968422;0.06638155789713662;0.04806058745266605
2021-02-19;0.9655766076784372;0.06646594673467454;0.048101524920683654
2021-02-20;0.9759425884143855;0.06653410694960903;0.048101524920683654
2021-02-21;0.9817054937885665;0.06659902144002282;0.04824480605874527
2021-02-22;0.9881389258886745;0.0666931474511228;0.04836761846279808
2021-02-23;0.9994291461657651;0.06680999353386761;0.04840855593081568
2021-02-24;1.0107556111307436;0.06699175410702621;0.04846996213284208
2021-02-25;1.021610895153179;0.06717026895566412;0.04853136833486849
2021-02-26;1.0330098494939335;0.06737799532498823;0.04855183706887729
2021-02-27;1.0454780221273818;0.06745264698896408;0.0486337120049125
2021-02-28;1.0528175714246881;0.06753379010198131;0.0486746494729301
2021-03-01;1.0604652005690416;0.06768633915445371;0.0487565244089653
2021-03-02;1.0762497621442357;0.067777219441033;0.0487974618769829
2021-03-03;1.0899502541658739;0.06791029414638126;0.048899805547026914
2021-03-04;1.1032339322768008;0.06809854616858124;0.048899805547026914
2021-03-05;1.1147959877130509;0.06824460377201226;0.04908402415310613
2021-03-06;1.1262130643977493;0.06833872978311226;0.04910449288711493
2021-03-07;1.1340600393254863;0.06843934724325362;0.04922730529116774
2021-03-08;1.141236487527297;0.06851075318270879;0.04930918022720295
2021-03-09;1.1563505223765642;0.06853022752983291;0.04932964896121175
2021-03-10;1.1703228495573619;0.0686827765823053;0.04945246136526456
2021-03-11;1.1852194162793015;0.06882558846121563;0.049472930099273366
2021-03-12;1.1993548445555948;0.06902033193245699;0.04957527376931737
2021-03-13;1.213997698462319;0.06920858395465697;0.04959574250332617
2021-03-14;1.2229682587145823;0.06939359025233625;0.04973902364138778
2021-03-15;1.2308514783302071;0.06948122481439487;0.049779961109405385
2021-03-16;1.2470166091282247;0.06960780807070174;0.049820898577422994
2021-03-17;1.2609164469332463;0.06974737422509138;0.049820898577422994
2021-03-18;1.2743813484836128;0.06997132921701894;0.050025585917510995
2021-03-19;1.2877737606582036;0.07024397007675684;0.050025585917510995
2021-03-20;1.301274906896458;0.07041923920087406;0.05020980452359021
2021-03-21;1.30859633384982;0.07053933100813956;0.05039402312966943
2021-03-22;1.3162077183062857;0.0706172283966361;0.05039402312966943
2021-03-23;1.3301256784552513;0.07067240571348783;0.050557773001739845
2021-03-24;1.3428656862478592;0.07087364063377055;0.05068058540579265
2021-03-25;1.3554607152889153;0.07112680714638432;0.05074199160781906
2021-03-26;1.3664428557189587;0.07127935619885671;0.05078292907583666
2021-03-27;1.378911028352407;0.07150655691530497;0.05080339780984546
2021-03-28;1.3852900934206829;0.07161042009996701;0.051028553883942285
2021-03-29;1.3920859723996701;0.07183437509189457;0.051069491351959886
2021-03-30;1.4039561076829676;0.07199666131792903;0.05111042881997749
2021-03-31;1.414322088418916;0.07241535978109795;0.05119230375601269
2021-04-01;1.4242893775880971;0.0727009835389186;0.05119230375601269
2021-04-02;1.4330968367448647;0.07292169280632547;0.05119230375601269
2021-04-03;1.4396390029086361;0.07328521395264267;0.05119230375601269
2021-04-04;1.445510642346481;0.07345399162771851;0.0513151161600655
2021-04-05;1.4513460370964382;0.07373312393649778;0.051663084638215125
2021-04-06;1.4578700809162657;0.07427840565597359;0.05180636577627674
2021-04-07;1.4677286360217832;0.07468412122105975;0.05229761539248798
2021-04-08;1.4754487545419126;0.0750022022240873;0.05242042779654078
2021-04-09;1.4828245485271065;0.07543712930985964;0.052625115136628806
2021-04-10;1.4892036135953823;0.075725998792201;0.05268652133865521
2021-04-11;1.4933173856706627;0.07613496008180784;0.052870739944734416
2021-04-12;1.4976667482172143;0.07643356673771125;0.05295261488076962
2021-04-13;1.5048975634508568;0.07691393396677326;0.05299355234878722
2021-04-14;1.5107510805447577;0.07738131829775251;0.05303448981680483
2021-04-15;1.5169851668614818;0.07773834799502832;0.05303448981680483
2021-04-16;1.5219506891021286;0.0782933668880662;0.05303448981680483
2021-04-17;1.5267531102472793;0.07887110585274888;0.05311636475284003
2021-04-18;1.5298701534056416;0.07915997533509023;0.05313683348684883
2021-04-19;1.5326972390609002;0.07957867379825913;0.053157302220857634
2021-04-20;1.5378802294288743;0.0800428124047177;0.05319823968887524
2021-04-21;1.5430632197968486;0.08076336324831071;0.053218708422884044
2021-04-22;1.5472857259357926;0.08130864496778652;0.053218708422884044
2021-04-23;1.5519250459854477;0.08204867015850366;0.053218708422884044
2021-04-24;1.556546243691159;0.08274000948141047;0.053239177156892845
2021-04-25;1.5593370846585297;0.08311975925033112;0.053239177156892845
2021-04-26;1.561874212810685;0.08344757742692072;0.05340292702896326
2021-04-27;1.5662598200451245;0.08420058551572064;0.05340292702896326
2021-04-28;1.5704098368082928;0.0849341192573964;0.05348480196499846
2021-04-29;1.5753753590489392;0.08578774480633768;0.05348480196499846
2021-04-30;1.5790179501816766;0.08650504992541;0.05348480196499846
2021-05-01;1.5825880519386377;0.08703410302228236;0.05358714563504247
2021-05-02;1.58456338742853;0.08761184198696503;0.05366902057107768
2021-05-03;1.5870099038609653;0.08806624341986154;0.053689489305086484
2021-05-04;1.5927365645472584;0.08855634782248561;0.05381230170913929
2021-05-05;1.5964697673997152;0.08935155033005449;0.0538941766451745
2021-05-06;1.6012721885448662;0.09062387434216466;0.0539146453791833
2021-05-07;1.6056034287474743;0.09153267720795766;0.0539146453791833
2021-05-08;1.609481610351483;0.0924284971756679;0.054078395251253714
2021-05-09;1.6119100044399741;0.09328212272460916;0.054119332719271315
2021-05-10;1.6142659091526896;0.09372029553490221;0.054119332719271315
2021-05-11;1.6189233515462889;0.094599886880009;0.054098863985262514
2021-05-12;1.6228196554942416;0.09544052953086753;0.054119332719271315
2021-05-13;1.6274589755438966;0.0963817896418674;0.054139801453280116
2021-05-14;1.6303041835430996;0.09746910735629831;0.054139801453280116
2021-05-15;1.6348166471851469;0.09852072210100161;0.05416027018728892
2021-05-16;1.6377887115919574;0.09943926214035669;0.05426261385733293
2021-05-17;1.6402171056804489;0.09992612081846006;0.05430355132535053
2021-05-18;1.6453638513605349;0.1007635177447979;0.05440589499539453
2021-05-19;1.6492963999963757;0.10203908748142877;0.054426363729403335
2021-05-20;1.6534826614474318;0.10276288404954248;0.05448776993142974
2021-05-21;1.6574152100832722;0.10356782373067341;0.05450823866543854
2021-05-22;1.6604597638658583;0.10434679761563884;0.05463105106949135
2021-05-23;1.6624169770118067;0.10529454917568008;0.05463105106949135
2021-05-24;1.6641023549985954;0.10588527103844554;0.05465151980350015
2021-05-25;1.667509355660061;0.10689144563985921;0.05465151980350015
2021-05-26;1.6702820742834876;0.10820596407073836;0.05467198853750895
2021-05-27;1.672873569467475;0.10907906396680377;0.05467198853750895
2021-05-28;1.6751751071483585;0.11017287313027604;0.05467198853750895
2021-05-29;1.677621623580794;0.11093886411715871;0.05471292600552655
2021-05-30;1.6787814535932077;0.11154256887800693;0.054733394739535354
2021-05-31;1.6802131187647813;0.11214302791433442;0.054733394739535354
2021-06-01;1.68294959270032;0.11279541854299296;0.054856207143588166
2021-06-02;1.6851423963175398;0.11347052924329633;0.05489714461160577
2021-06-03;1.6872989552468716;0.1140547596570204;0.054917613345614576
2021-06-04;1.689310535424652;0.1145967956519755;0.054917613345614576
2021-06-05;1.6911590145069364;0.11552831858941331;0.054917613345614576
2021-06-06;1.6923188445193502;0.11610605755409599;0.054917613345614576
2021-06-07;1.6934061851559883;0.11637220696479253;0.05512230068570259
2021-06-08;1.6959251909641992;0.11685906564289592;0.055204175621737794
2021-06-09;1.6977555477025401;0.11721934106469242;0.055224644355746595
2021-06-10;1.699223457562001;0.11790094321403716;0.055326988025790606
2021-06-11;1.7005463886699106;0.11832288740172675;0.055326988025790606
2021-06-12;1.701814952745988;0.1187935174572267;0.05544980042984342
2021-06-13;1.7026485805674105;0.11913431853189907;0.05547026916385222
2021-06-14;1.703518453076721;0.11941020511615766;0.05547026916385222
2021-06-15;1.7052038310635096;0.11983539502836796;0.05551120663186982
2021-06-16;1.706617373891139;0.12039690537044719;0.05555214409988742
2021-06-17;1.707777203903553;0.1210298216519816;0.05557261283389623
2021-06-18;1.7094263372024538;0.12160756061666429;0.05557261283389623
2021-06-19;1.710894247061915;0.12205222487599872;0.055654487769931434
2021-06-20;1.7119272206667209;0.12229240849052972;0.055695425237949035
2021-06-21;1.7133770081822381;0.12251960920697798;0.055695425237949035
2021-06-22;1.7154067107039626;0.12292857049658482;0.055756831439975445
2021-06-23;1.7174001685377989;0.12334402323523304;0.055756831439975445
2021-06-24;1.7200097860657297;0.12363289271757438;0.055797768907993046
2021-06-25;1.7229456057846524;0.12454169558336738;0.05587964384402824
2021-06-26;1.7264794628537254;0.12505127433311558;0.05587964384402824
2021-06-27;1.7288534899103851;0.12514215461969488;0.05606386245010746
2021-06-28;1.7310100488397169;0.12532716091737417;0.05612526865213386
2021-06-29;1.735178187946829;0.12555111590930174;0.05614573738614266
2021-06-30;1.739908119716204;0.12609315190425682;0.05614573738614266
2021-07-01;1.7434600991292213;0.1264696559486568;0.05614573738614266
2021-07-02;1.7471208126059024;0.12687212578922225;0.05614573738614266
2021-07-03;1.7501472440445447;0.12714152092443948;0.05632995599222188
2021-07-04;1.752539393445148;0.12732977294663944;0.05647323713028349
2021-07-05;1.7544966065910965;0.1275569736630877;0.05647323713028349
2021-07-06;1.7589003361694802;0.12780040300213938;0.0565755808003275
2021-07-07;1.7636121455949112;0.12817690704653933;0.0565960495343363
2021-07-08;1.7689038700265491;0.12850797094764965;0.0566165182683451
2021-07-09;1.7740506157066356;0.12915062440274613;0.0566165182683451
2021-07-10;1.779632297641377;0.12944273960960814;0.05665745573636271
2021-07-11;1.782332526889028;0.12969266039770122;0.05667792447037151
2021-07-12;1.7852321019200625;0.1300074956762081;0.05704636168252994
2021-07-13;1.7912124754215708;0.13027689081142527;0.05712823661856514
2021-07-14;1.7974103170504074;0.13089033274583556;0.05721011155460035
2021-07-15;1.8043330524370023;0.13154921482353546;0.05739433016067956
2021-07-16;1.811255787823597;0.1318770330001251;0.05739433016067956
2021-07-17;1.8176892199237051;0.13212370806369747;0.057619486234776376
2021-07-18;1.821422422776162;0.13244178906672502;0.05768089243680278
2021-07-19;1.8259348864182092;0.13276960724331466;0.05778323610684679
2021-07-20;1.8335462708746748;0.13327269454402146;0.0579060485108996
2021-07-21;1.8412301447069166;0.13381148481445587;0.058049329648961215
2021-07-22;1.8497114016726923;0.13438922377913856;0.058458704329137245
2021-07-23;1.8585369831734038;0.13511626607177296;0.058458704329137245
2021-07-24;1.867199463578619;0.13546355859548673;0.05860198546719886
2021-07-25;1.872654289105753;0.13560637047439705;0.05862245420120766
2021-07-26;1.8790152318300848;0.13592769720194528;0.05862245420120766
2021-07-27;1.8929694366669385;0.1366774595662245;0.05864292293521646
2021-07-28;1.9061081360263137;0.13725519853090717;0.05870432913724287
2021-07-29;1.920787234620926;0.13789785198600366;0.05876573533926927
2021-07-30;1.9347776841456676;0.13841716790931394;0.05876573533926927
2021-07-31;1.9473908355306675;0.13884235782152424;0.05882714154129567
2021-08-01;1.9547847518598056;0.1389656953533104;0.05890901647733087
2021-08-02;1.9634291099210772;0.13946878265401727;0.05890901647733087
2021-08-03;1.9796123630630387;0.13979335510608618;0.05894995394534848
2021-08-04;1.9948351319759698;0.14007897886390683;0.05897042267935728
2021-08-05;2.0090430496280387;0.14043925428570334;0.05897042267935728
2021-08-06;2.024918222922953;0.1411468222312136;0.05897042267935728
2021-08-07;2.037332028524569;0.141487623305886;0.059093235083410085
2021-08-08;2.0461213653373926;0.1417148240223342;0.059175110019445296
2021-08-09;2.0558530640353023;0.14199071060659282;0.05942073482755091
2021-08-10;2.0746278123612507;0.14245484921305138;0.05946167229556852
2021-08-11;2.0895968684589663;0.14280538746128582;0.059645890901647736
2021-08-12;2.106323791919247;0.14337663497692713;0.059666359635656536
2021-08-13;2.120622321291036;0.14387647655311325;0.059666359635656536
2021-08-14;2.1340328558095703;0.14454509580437525;0.05976870330570054
2021-08-15;2.1417529743297;0.14481449093959245;0.059911984443762153
2021-08-16;2.1498174173847646;0.14521046933111656;0.059911984443762153
2021-08-17;2.1637353775337305;0.14596672314443715;0.060116671783850176
2021-08-18;2.1771640343962084;0.14662560522213708;0.060116671783850176
2021-08-19;2.1899946539085366;0.14711246390024044;0.060771671272131816
2021-08-20;2.2021366243509934;0.14794986082657827;0.06126292088834306
2021-08-21;2.2140067596342914;0.14870936036441956;0.0617541705045543
2021-08-22;2.2212194525239894;0.14912481310306777;0.06253198239688876
2021-08-23;2.2294832413624377;0.14955000301527807;0.0633916692252584
2021-08-24;2.2418426799322226;0.15040687428874003;0.06468119946781292
2021-08-25;2.2528791873940976;0.15105277346835722;0.06607307338041142
2021-08-26;2.2655467058109298;0.1516597239537261;0.06750588476102753
2021-08-27;2.2766013356167485;0.152318606031426;0.06920478968375805
2021-08-28;2.2893594657533005;0.1528054647095294;0.07092416334049739
2021-08-29;2.2973151747447016;0.15309433419187074;0.07204994371098147
2021-08-30;2.305723942334702;0.15362338728874309;0.07204994371098147
2021-08-31;2.3192069662290122;0.1543147266116499;0.07307338041142156
2021-09-01;2.33098648979259;0.15508396332305324;0.07462900419609048
2021-09-02;2.3427297686682795;0.15580775989116696;0.0763483778528298
2021-09-03;2.354509292231857;0.1566419110929841;0.07673728379899702
2021-09-04;2.3639329110827196;0.15733649614041162;0.07714665847917306
2021-09-05;2.370022018647892;0.15792397227865634;0.0776379080953843
2021-09-06;2.376292349652504;0.15835889936442873;0.07806775150956914
2021-09-07;2.3868214314839484;0.15941051410913204;0.07839525125370995
2021-09-08;2.3962812950226984;0.16017325937149401;0.07876368846586838
2021-09-09;2.40501626480369;0.16107881651276632;0.07915259441203562
2021-09-10;2.4133344206739697;0.16210121973678343;0.07964384402824684
2021-09-11;2.422323103270177;0.16341573816766256;0.08011462491044928
2021-09-12;2.4282853544277416;0.1637338191706901;0.08085149933476615
2021-09-13;2.433413977763884;0.1646815707307314;0.08119946781291576
2021-09-14;2.443073187086018;0.16568449960762435;0.0815064988230478
2021-09-15;2.4517719121791215;0.1668529604350725;0.08187493603520622
2021-09-16;2.4599994563296814;0.168216164733762;0.08218196704533824
2021-09-17;2.4679007982892505;0.1694527857761446;0.08267321666154948
2021-09-18;2.4749503900834533;0.16977411250369284;0.08312352880974312
2021-09-19;2.479299752630005;0.16977411250369284;0.08357384095793675
2021-09-20;2.4844646206540353;0.1708679216671651;0.08383993450005117
2021-09-21;2.4933264468426346;0.1719195364118684;0.0843311841162624
2021-09-22;2.502188273031234;0.17327949498603723;0.08465868386040323
2021-09-23;2.5109594875001133;0.17474980819390945;0.08484290246648245
2021-09-24;2.519658212593217;0.1761779269830127;0.08521133967864088
2021-09-25;2.5273420864254583;0.1778494751111677;0.0856411830928257
2021-09-26;2.532760667264704;0.17890758130491238;0.08586633916692252
2021-09-27;2.5391940993648117;0.18040710603347082;0.08607102650701054
2021-09-28;2.5515897826224845;0.1818904021394258;0.08697165080339782
2021-09-29;2.5632424497784543;0.18365283055416007;0.08748336915361785
2021-09-30;2.5753662978769674;0.18365283055416007;0.08785180636577627
2021-10-01;2.586565906434338;0.18849869726354915;0.08842493091802273
2021-10-02;2.596188871068584;0.19020919408595235;0.08910039914031317
2021-10-03;2.6026223031686917;0.1913127404229867;0.08971446116057723
2021-10-04;2.6095631608992305;0.1913127404229867;0.09024664824480605
2021-10-05;2.623028062449597;0.1944026701666829;0.09110633507317573
2021-10-06;2.6362392511847483;0.19619755582662404;0.09172039709343976
2021-10-07;2.6497585197669467;0.19734978803146874;0.09268242759185345
2021-10-08;2.6608312719167095;0.19806384742602035;0.0934193020161703
2021-10-09;2.671632188907313;0.19878439826961336;0.0946678947907072
2021-10-10;2.6793341850834986;0.19921607963086502;0.09538430048101525
2021-10-11;2.686565000317141;0.19987171598404427;0.09630539351141132
2021-10-12;2.6990875399824215;0.20056630103147177;0.09743117388189541
2021-10-13;2.7101421697882406;0.20169905888919232;0.09890492273052912
2021-10-14;2.7217042252244905;0.20248452422319912;0.10025585917511001
2021-10-15;2.7318164931452236;0.20320182934227146;0.10111554600347969
2021-10-16;2.742001250441732;0.2037957969295576;0.10217992017193737
2021-10-17;2.7482353367584564;0.20396782032915411;0.10348991914850066
2021-10-18;2.7540163644765814;0.2045195934976713;0.10549585508136322
2021-10-19;2.765995233823543;0.20512005253399881;0.10672397912189131
2021-10-20;2.775962522992724;0.2055841911404574;0.10881178999078905
2021-10-21;2.78531365246781;0.20632097060665383;0.11155460034796849
2021-10-22;2.796603872744901;0.2067234404472193;0.11370381741889264
2021-10-23;2.8071148322324007;0.20699608130695718;0.11542319107563197
2021-10-24;2.813892588867444;0.20727521361573648;0.11769522055060894
2021-10-25;2.8209421806616466;0.20749916860766404;0.11918943813325146
2021-10-26;2.8353131994092116;0.207833478233295;0.12076553065192917
2021-10-27;2.847636393291108;0.20813533061371914;0.12273052911677414
2021-10-28;2.8592346934152464;0.20845990306578807;0.12537099580390954
2021-10-29;2.869926876342186;0.20870333240483974;0.12866646197932657
2021-10-30;2.881797011625484;0.20894027029485004;0.1315934909425852
2021-10-31;2.8891365609227897;0.20913176804157074;0.13499130078804628
2021-11-01;2.8970922699141908;0.20921291115458795;0.13763176747518166
2021-11-02;2.9147253105716695;0.20930703716568796;0.13986285948214103
2021-11-03;2.9284076802493635;0.20945634049363962;0.14272848224337326
2021-11-04;2.942380007430161;0.20961862671967413;0.14612629208883432
2021-11-05;2.9569141272732216;0.2097127527307741;0.15030191382662983
2021-11-06;2.9721731408740406;0.20984907316064305;0.1526353495036332
2021-11-07;2.981488025661239;0.20991398765105684;0.1565653464333231
2021-11-08;2.9906941763847734;0.2100762738770913;0.15916487565244092
2021-11-09;3.011027446289903;0.2101996114088775;0.16217377955173473
2021-11-10;3.0261233587952265;0.210371634808474;0.16596049534336302
2021-11-11;3.0436657877329854;0.21050795523834295;0.17003377341111453
2021-11-12;3.0605920569766494;0.21056637827971536;0.17363627059666362
2021-11-13;3.077735794347641;0.21064427566821192;0.17793470473851192
2021-11-14;3.088935402905012;0.2106897158115016;0.1814962644560434
2021-11-15;3.0992832612970163;0.2106897158115016;0.18604032340599733
2021-11-16;3.121972435914861;0.21077735037356016;0.19007266400573125
2021-11-17;3.143701126303676;0.21086823066013946;0.1934909425852011
2021-11-18;3.164904268718116;0.2109234079769912;0.19758468938696142
2021-11-19;3.186922916610034;0.21096235667123947;0.20108484290246648
2021-11-20;3.2100107827946465;0.2110077968145291;0.2041346842697779
2021-11-21;3.2228414023069742;0.21104999123329804;0.20831030600757344
2021-11-22;3.2350739844691514;0.21107920275398426;0.21275202128748336
2021-11-23;3.26084395755747;0.21117008304056356;0.21717326783338453
2021-11-24;3.2850916537544967;0.21123175180645667;0.2208576399549688
2021-11-25;3.307835195404173;0.21131289491947391;0.22448060587452667
2021-11-26;3.3309593062766742;0.21139403803249113;0.22750997850782928
2021-11-27;3.3545183534038294;0.21142324955317734;0.23049841367311433
2021-11-28;3.368907494495338;0.21143947817578077;0.2342646607307338
2021-11-29;3.383224146211071;0.21147518114550834;0.23696653361989561
2021-11-30;3.414068375603701;0.21151737556427733;0.23997543751918946
2021-12-01;3.4399289604117396;0.21156606143208764;0.2434960597687033
2021-12-02;3.466097625066826;0.2116472045451049;0.24548152696755704
2021-12-03;3.492701225976568;0.2116958904129152;0.247446525432402
2021-12-04;3.520410289866891;0.2117640506278497;0.2496571487053526
2021-12-05;3.538025208180426;0.21181273649566007;0.2524408965305496
2021-12-06;3.5562019191562237;0.21181273649566007;0.2544263637294033
2021-12-07;3.575719683583875;0.21194905692552898;0.2562276123221779
2021-12-08;3.610605195676009;0.21204967438567035;0.258376829393102
2021-12-09;3.6420112177309014;0.21209511452896002;0.258376829393102
2021-12-10;3.6729641811871945;0.21217625764197723;0.2616518268345103
2021-12-11;3.7056387673181654;0.21226064647951515;0.2637601064374169
2021-12-12;3.7260082819111826;0.21228336655116;0.2658479173063146
2021-12-13;3.749005536376075;0.21228336655116;0.26750588476102755
2021-12-14;3.791701778708058;0.21237100111321858;0.26906150854569644
2021-12-15;3.824920035157348;0.21280592819899097;0.2710060382765326
2021-12-16;3.862958835095731;0.21307532333420817;0.2726230682632279
2021-12-17;3.899022299544223;0.21343884448052536;0.2736260362296592
2021-12-18;3.9383840305905164;0.2137893827287598;0.2748336915361785
2021-12-19;3.967633493716077;0.21401658344520808;0.2762665029167946
2021-12-20;3.999420084993793;0.21449695067427005;0.27700337734111147
2021-12-21;4.054512010583449;0.2160548984442009;0.27819056391362196
2021-12-22;4.1119417185418765;0.21810944206579722;0.27939821922014124
2021-12-23;4.176040449071683;0.2218842196833588;0.2808514993347661
2021-12-24;4.246790079828925;0.2279180215673201;0.2808514993347661
2021-12-25;4.288018412301446;0.23090733385087492;0.2836352471599632
2021-12-26;4.336459437663668;0.23288722580849536;0.28453587145635045
2021-12-27;4.396263172678754;0.23288722580849536;0.2852113396786409
2021-12-28;4.516921738657678;0.24922944877016576;0.2863166513151162
2021-12-29;4.641476608584554;0.25470823176108925;0.28776993142974105
2021-12-30;4.775310118610741;0.25923926319197144;0.2890185242042779
2021-12-31;4.90805628800029;0.26482840081659836;0.2890185242042779
2022-01-01;5.032574913239278;0.2674412090557532;0.29182274076348375
2022-01-02;5.105100533703029;0.2691354772555529;0.2928666461979327
2022-01-03;5.1952954395121465;0.2718748687510147;0.29407430150445196
2022-01-04;5.36791076557842;0.27480251226867636;0.294893050864804
2022-01-05;5.548844247514974;0.2811965895744342;0.2961621123733497
2022-01-06;5.725120287057928;0.2844066111253959;0.2973492989458602
2022-01-07;5.857975190511141;0.28813919432418855;0.2973492989458602
2022-01-08;6.021511222261487;0.28968415919603663;0.3003786715791628
2022-01-09;6.126620817136488;0.2911999125471985;0.30160679561969095
2022-01-10;6.246971303268365;0.2931408558105707;0.3020775765018934
2022-01-11;6.438107664845372;0.29584129861178415;0.3039607000307031
2022-01-12;6.605050697257184;0.2983048035229873;0.3047589806570464
2022-01-13;6.76684698398891;0.30049242184993186;0.30598710469757445
2022-01-14;6.916809380125226;0.3028325892293488;0.30709241633404977
2022-01-15;7.0635459990395155;0.3035531400729418;0.30848429024664825
2022-01-16;7.166879604208008;0.304104913241459;0.30967147681915874
2022-01-17;7.280144253857794;0.305013716107252;0.3105516323815372
2022-01-18;7.463669230978335;0.30599067918797945;0.31216866236823254
2022-01-19;7.629742390880836;0.3076265243464068;0.31390850475898063
2022-01-20;7.783999782531873;0.3090578888600308;0.3152799099375704
2022-01-21;7.9298484065929085;0.31053793924146506;0.31687647119025686
2022-01-22;8.062069028008082;0.3112714729831409;0.31832975130488184
2022-01-23;8.141227426355325;0.31347856565720955;0.31986490635554193
2022-01-24;8.22451771912179;0.3156889040557989;0.3211339678640876
2022-01-25;8.354418680512138;0.3167632388721471;0.3223211544365981
2022-01-26;8.415907793514013;0.3174708068176573;0.3243066216354519
2022-01-27;8.529553012386621;0.3177596762999987;0.3273564630027633
2022-01-28;8.615924103623563;0.3181751290386469;0.3305291167741275
2022-01-29;8.615924103623563;0.3182660093252262;0.33339473953535975
2022-01-30;8.615924103623563;0.3183276780911193;0.33605567495650396
2022-01-31;8.877592627830484;0.31845750707194687;0.34023129669429947
2022-02-01;8.936381511584708;0.31881453676922267;0.34426363729403336
2022-02-02;9.082048912206304;0.31894761147457096;0.34811175928768806
2022-02-03;9.205063382897944;0.3191163891496468;0.35367925493808205
2022-02-04;9.331049917996394;0.31918454936458124;0.3591853443864497
2022-02-05;9.331049917996394;0.31922025233430884;0.36383174700644766
2022-02-06;9.331049917996394;0.3192624467530778;0.36823252481833996
2022-02-07;9.691648317793424;0.3194085043565088;0.3736567393306724
2022-02-08;9.827058471742735;0.3194571902243192;0.3787739228328728
2022-02-09;9.908971466369461;0.31955131623541916;0.3856104799918125
2022-02-10;10.14102808057194;0.3196194764503536;0.3953535973800021
2022-02-11;10.32924674477397;0.3197071110124122;0.404851089960086
2022-02-12;10.32924674477397;0.3197493054311812;0.404851089960086
2022-02-13;10.32924674477397;0.3197493054311812;0.4416129362398936
2022-02-14;10.554145033118584;0.3197493054311812;0.4570668304165387
2022-02-15;10.634354527414576;0.3198823801365294;0.48124040528093337
2022-02-16;10.742291207944836;0.31992457455529844;0.5127827243884966
2022-02-17;10.886418209331195;0.31997975187215016;0.5513867567290963
2022-02-18;10.964851713920678;0.3200446663625639;0.5885579776890799
2022-02-19;10.964851713920678;0.3200836150568122;0.6363934090676492
2022-02-20;10.964851713920678;0.32015177527174665;0.6820386859072767
2022-02-21;11.285091653754495;0.32021668976216044;0.740272234162317
2022-02-22;11.334855610224627;0.3202588841809294;0.8054242145123325
2022-02-23;11.412129284801695;0.32034651874298803;0.930897553986286
2022-02-24;11.555857594621289;0.3203562559165501;1.1770136117081158
2022-02-25;11.55714428104131;0.3203562559165501;1.4559410500460546
2022-02-26;11.55714428104131;0.3203562559165501;1.4559410500460546
2022-02-27;11.55714428104131;0.3203562559165501;1.7632995599222188
2022-02-28;11.557651706671741;0.3204860848973777;2.4321359123938184
2022-03-01;11.91440816955265;0.3205023135199811;2.925862245420121
2022-03-02;11.934632705394115;0.3205023135199811;3.400900624296387
2022-03-03;12.043892317032286;0.3205023135199811;3.863494012895302
2022-03-04;12.174101358269679;0.3206645997460156;4.250250741991608
2022-03-05;12.174101358269679;0.3206645997460156;4.561477842595436
2022-03-06;12.174101358269679;0.3206970569912225;4.92074506191792
2022-03-07;12.579480069952249;0.3206970569912225;5.411667178385017
2022-03-08;12.579480069952249;0.32077170865519833;5.872295568519087
2022-03-09;12.740950154492984;0.32085609749273625;5.872971036741378
2022-03-10;12.923097833473781;0.32085609749273625;6.304554293316958
2022-03-11;13.30654850898415;0.32085609749273625;7.119496469143384
2022-03-12;13.30654850898415;0.32103136661685344;7.416968580493297
2022-03-13;13.30654850898415;0.3210897896582258;7.73578958141439
2022-03-14;13.793097199191742;0.3211027725563086;8.180943608637806
2022-03-15;13.903824720689373;0.32118391566932586;8.181782826732166
2022-03-16;14.110365074618752;0.32127804168042584;8.986040323405998
2022-03-17;14.188200541858084;0.3213364647217983;9.277944939105517
2022-03-18;14.249816511267568;0.3213364647217983;9.659216047487462
2022-03-19;14.249816511267568;0.3213364647217983;9.906150854569646
2022-03-20;14.249816511267568;0.3213364647217983;10.203131716303346
2022-03-21;14.715651362347208;0.32135918479344305;10.633916692252585
2022-03-22;14.719402687543607;0.3215149795704361;11.048756524408965
2022-03-23;14.888157954349815;0.3215149795704361;11.427243884965716
2022-03-24;15.114723498337273;0.321589631234412;11.75527581619077
2022-03-25;15.308179519939108;0.3216577914493465;12.050434960597688
2022-03-26;15.308179519939108;0.32167077434742924;12.26081260874015
2022-03-27;15.308179519939108;0.32169998586811543;12.528543649575274
2022-03-28;15.575737805927819;0.32169998586811543;12.884535871456352
2022-03-29;15.672474877900708;0.3217746375320913;13.21502405076246
2022-03-30;15.841375123458468;0.3217746375320913;13.53102036639034
2022-03-31;16.014280407027844;0.32187525499223263;13.810213898270392
2022-04-01;16.12210835349444;0.3219563981052499;14.051622147170198
2022-04-02;16.12210835349444;0.3219563981052499;14.232668099478046
2022-04-03;16.12210835349444;0.3219563981052499;14.446075120253813
2022-04-04;16.33432100107828;0.3219563981052499;14.74109098352267
2022-04-05;16.45121011951686;0.3219563981052499;15.00358202845154
2022-04-06;16.554326256558024;0.3219563981052499;15.246382151263942
2022-04-07;16.685097090457678;0.3219563981052499;15.249657148705353
2022-04-08;16.685097090457678;0.3219563981052499;15.632197318595844
2022-04-09;16.685097090457678;0.3219563981052499;15.7704636168253
2022-04-10;16.685097090457678;0.3219563981052499;15.926701463514481
2022-04-11;16.685097090457678;0.3219563981052499;16.16020878108689
2022-04-12;16.685097090457678;0.3219563981052499;16.358407532494116
2022-04-13;16.685097090457678;0.3219563981052499;16.557732064271825
2022-04-14;17.208669729342795;0.3219563981052499;16.720049124961623
2022-04-15;17.208669729342795;0.3219563981052499;16.839013407020776
2022-04-16;17.208669729342795;0.3219563981052499;16.9646504963668
2022-04-17;17.208669729342795;0.3219563981052499;17.09323508341009
2022-04-18;17.208669729342795;0.3219563981052499;17.09323508341009
2022-04-19;17.208669729342795;0.322258250485674;17.499703203356873
2022-04-20;17.208669729342795;0.322258250485674;17.716139596765938
2022-04-21;18.130897690307265;0.322258250485674;17.911800225156075
2022-04-22;18.130897690307265;0.322258250485674;18.07765837682939
2022-04-23;18.130897690307265;0.322258250485674;18.194616722955686
2022-04-24;18.130897690307265;0.322258250485674;18.314727254119333
2022-04-25;18.130897690307265;0.322258250485674;18.446873400880158
2022-04-26;18.130897690307265;0.322258250485674;18.652154334254426
2022-04-27;18.130897690307265;0.322258250485674;18.840528093337426
2022-04-28;18.539393445148196;0.322258250485674;19.01211749053321
2022-04-29;18.539393445148196;0.322258250485674;19.158735032238255
2022-04-30;18.539393445148196;0.322258250485674;19.27597994064067
2022-05-01;18.539393445148196;0.322258250485674;19.41455326988026
2022-05-02;18.539393445148196;0.322258250485674;19.605219527172242
2022-05-03;18.539393445148196;0.322258250485674;19.78225360761437
2022-05-04;18.539393445148196;0.322258250485674;19.96086378057517
2022-05-05;19.07860566685695;0.322258250485674;20.113110224132637
2022-05-06;19.07860566685695;0.322258250485674;20.25350527069901
2022-05-07;19.07860566685695;0.322258250485674;20.370750179101424
2022-05-08;19.07860566685695;0.322258250485674;20.503203356872376
2022-05-09;19.07860566685695;0.322258250485674;20.693480708218196
2022-05-10;19.07860566685695;0.322258250485674;20.858806672807287
2022-05-11;19.07860566685695;0.322258250485674;21.053566676901035
2022-05-12;19.386196210617882;0.322258250485674;21.208126087401492
2022-05-13;19.386196210617882;0.322258250485674;21.354313785692355
2022-05-14;19.386196210617882;0.322258250485674;21.473605567495653
2022-05-15;19.386196210617882;0.322258250485674;21.619220141234262
2022-05-16;19.386196210617882;0.322258250485674;21.822802169685804
2022-05-17;19.386196210617882;0.322258250485674;22.02134888957118
2022-05-18;19.386196210617882;0.322258250485674;22.20990686726026
2022-05-19;19.594331330814327;0.322258250485674;22.37179408453587
2022-05-20;19.594331330814327;0.322258250485674;22.51018319516938
2022-05-21;19.594331330814327;0.322258250485674;22.613714051785898
2022-05-22;19.594331330814327;0.322258250485674;22.737897861017295
2022-05-23;19.594331330814327;0.322258250485674;22.912107256166205
2022-05-24;19.594331330814327;0.3227321262656946;23.082059154641286
2022-05-25;19.594331330814327;0.3230372243706394;23.239422781700952
2022-05-26;19.793097199191745;0.3230372243706394;23.3818647016682
2022-05-27;19.793097199191745;0.3230372243706394;23.514113192099067
2022-05-28;19.793097199191745;0.3230372243706394;23.61438952000819
2022-05-29;19.793097199191745;0.3230372243706394;23.735175519394126
2022-05-30;19.793097199191745;0.3237967239084807;23.91067444478559
2022-05-31;19.793097199191745;0.3237967239084807;24.081260874014944
2022-06-01;19.793097199191745;0.3237967239084807;24.245154027223418
2022-06-02;20.02901387265429;0.3237967239084807;24.375048613243273
2022-06-03;20.02901387265429;0.3237967239084807;24.506335073175727
2022-06-04;20.02901387265429;0.3237967239084807;24.597891720397094
2022-06-05;20.02901387265429;0.3237967239084807;24.597891720397094
2022-06-06;20.02901387265429;0.3237967239084807;24.810316241940438
2022-06-07;20.02901387265429;0.3237967239084807;24.95664722136936
2022-06-08;20.02901387265429;0.3237967239084807;25.124060996827346
2022-06-09;20.198675256657697;0.3237967239084807;25.256350424726232
2022-06-10;20.198675256657697;0.3237967239084807;25.364179715484596
2022-06-11;20.198675256657697;0.3237967239084807;25.45688261181046
2022-06-12;20.198675256657697;0.3237967239084807;25.549360352062223
2022-06-13;20.198675256657697;0.3237967239084807;25.67943915668816
2022-06-14;20.198675256657697;0.3237967239084807;25.79633609661243
2022-06-15;20.198675256657697;0.3237967239084807;25.916856002456246
2022-06-16;20.393834778590264;0.3237967239084807;26.01948623477638
2022-06-17;20.393834778590264;0.3237967239084807;26.113314911472724
2022-06-18;20.393834778590264;0.3237967239084807;26.181885170402207
2022-06-19;20.393834778590264;0.3237967239084807;26.267424009824992
2022-06-20;20.393834778590264;0.3237967239084807;26.388332821614984
2022-06-21;20.393834778590264;0.3237967239084807;26.504758980657044
2022-06-22;20.393834778590264;0.3237967239084807;26.617971548459728
2022-06-23;20.5434347278477;0.3237967239084807;26.618053423395764
2022-06-24;20.5434347278477;0.3237967239084807;26.80476921502405
2022-06-25;20.5434347278477;0.3237967239084807;26.899089141336606
2022-06-26;20.5434347278477;0.3237967239084807;27.016948111759287
2022-06-27;20.5434347278477;0.3237967239084807;27.187473134786615
2022-06-28;20.5434347278477;0.32885680843623527;27.352614880769625
2022-06-29;20.5434347278477;0.32885680843623527;27.515607409681714
2022-06-30;20.76113844564656;0.32885680843623527;27.66492682427592
2022-07-01;20.76113844564656;0.32885680843623527;27.805997339064582
2022-07-02;20.76113844564656;0.32885680843623527;27.911902568826118
2022-07-03;20.76113844564656;0.32885680843623527;28.052543240200595
2022-07-04;20.76113844564656;0.32885680843623527;28.253177770954867
2022-07-05;20.76113844564656;0.32885680843623527;28.25350527069901
2022-07-06;20.76113844564656;0.32885680843623527;28.837642001842184
2022-07-07;20.99446362392512;0.32885680843623527;29.03358919250844
2022-07-08;20.99446362392512;0.32885680843623527;29.228779040016374
2022-07-09;20.99446362392512;0.32885680843623527;29.387329853648552
2022-07-10;20.99446362392512;0.32885680843623527;29.564896121174904
2022-07-11;20.99446362392512;0.32885680843623527;29.80749155664722
2022-07-12;20.99446362392512;0.32885680843623527;30.04955480503531
2022-07-13;20.99446362392512;0.32885680843623527;30.288998055470266
2022-07-14;21.221880918077947;0.32976561130202825;30.51014225770136
2022-07-15;21.221880918077947;0.33074257438275567;30.70520929280524
2022-07-16;21.221880918077947;0.33074257438275567;30.83788762665029
2022-07-17;21.221880918077947;0.33074257438275567;31.001105311636472
2022-07-18;21.221880918077947;0.331742257535128;31.221389827039197
2022-07-19;21.221880918077947;0.331742257535128;31.44032340599734
2022-07-20;21.221880918077947;0.331742257535128;31.65188824071231
2022-07-21;21.221880918077947;0.331742257535128;31.83774434551223
2022-07-22;21.221880918077947;0.3320408641910314;32.0030293726333
